{
     "EXPERIMENT_KEY": "run0_simul",
     "PIPELINE_STEPS": {
          "CLUSTERING": {
               "TRANSACTIONS": "RAW",
               "FEATURES": "run0_simul",
               "CLUSTERS": "KEY",
               "LOOKBACK_SUMS": "RAW"
          },
          "THRESHOLDS": {
               "TRANSACTIONS": "KEY",
               "PARAMETERS": "RAW",
               "L2_RECALL_TRAIN": 100.0,
               "L2_RECALL_TEST": 100.0,
               "LOOKBACK_SUMS": "KEY",
               "FEATURES": "run0_simul"
          },
          "ALERTING": {
               "TRANSACTIONS": "KEY",
               "PROD_ALERTS": [
                    "3PP",
                    "ADR",
                    "EPC",
                    "HBC",
                    "KEY",
                    "LOW",
                    "NBI",
                    "SCT",
                    "STP"
               ],
               "PROD_ALERTS_KEY": "truth",
               "PARAMETERS": "RAW",
               "LOOKBACK_SUMS": "KEY",
               "THRESHOLDS": "KEY",
               "ANALYSIS_DATES": "TEST"
          },
          "KPIS": {
               "TRANSACTIONS": "KEY",
               "ALERTS": "KEY",
               "BASELINE": "truth",
               "PARAMETERS": "RAW",
               "ANALYSIS_DATES": "TEST"
          },
          "FILES_EXPORT": {
               "FEATURES": "run0_simul",
               "THRESHOLDS": "KEY",
               "PARAMETERS": "RAW",
               "TRANSACTIONS": "KEY",
               "CLUSTERS": "KEY",
               "ALERTS": "KEY"
          }
     }
}