{
     "EXPERIMENT_KEY": "run0_simul",
     "PIPELINE_STEPS": {
          "DATA_SERIALIZATION": {
               "ALERTS_SERIALISATION": false,
               "TRANSACTIONS_SERIALISATION": false,
               "AMLIT_ALERTS_SERIALISATION": "run0",
               "LOOKBACK_SUMS": false
          },
          "ALERTING": {
               "TRANSACTIONS": "run0_simul",
               "PROD_ALERTS": [
                    "ADR",
                    "CTF",
                    "EPC",
                    "KHI",
                    "KLO",
                    "LTH",
                    "NBI",
                    "SBP",
                    "STP",
                    "THV"
               ],
               "PROD_ALERTS_KEY": "run0_AMLIT",
               "PARAMETERS": "RAW",
               "LOOKBACK_SUMS": "run0_simul",
               "THRESHOLDS": "run0_simul",
               "ANALYSIS_DATES": "TEST"
          },
          "KPIS": {
               "TRANSACTIONS": "run0_simul",
               "ALERTS": "KEY",
               "BASELINE": "run0_AMLIT",
               "PARAMETERS": "RAW",
               "ANALYSIS_DATES": "TEST"
          }
     }
}