{
     "EXPERIMENT_KEY": "run0_simul",
     "PIPELINE_STEPS": {
          "PARAMETERS_SERIALIZATION": {
               "PARAMETERS": "RAW"
          },
          "CLUSTERING_FEATURES": {
               "TRANSACTIONS": "RAW",
               "PARAMETERS": "KEY",
               "LOOKBACK_SUMS": "RAW"
          },
          "CLUSTERING": {
               "TRANSACTIONS": "RAW",
               "FEATURES": "KEY",
               "CLUSTERS": "KEY",
               "LOOKBACK_SUMS": "RAW"
          },
          "THRESHOLDS": {
               "TRANSACTIONS": "KEY",
               "PARAMETERS": "KEY",
               "L2_RECALL_TRAIN": 100.0,
               "L2_RECALL_TEST": 100.0,
               "LOOKBACK_SUMS": "KEY",
               "FEATURES": "KEY"
          },
          "ALERTING": {
               "TRANSACTIONS": "KEY",
               "PROD_ALERTS": [
                    "ADR",
                    "CTF",
                    "EPC",
                    "KHI",
                    "KLO",
                    "LTH",
                    "NBI",
                    "SBP",
                    "STP",
                    "THV"
               ],
               "PROD_ALERTS_KEY": "truth",
               "PARAMETERS": "KEY",
               "LOOKBACK_SUMS": "KEY",
               "THRESHOLDS": "KEY",
               "ANALYSIS_DATES": "TEST"
          },
          "KPIS": {
               "TRANSACTIONS": "KEY",
               "ALERTS": "KEY",
               "BASELINE": "truth",
               "PARAMETERS": "KEY",
               "ANALYSIS_DATES": "TEST"
          },
          "FILES_EXPORT": {
               "FEATURES": "KEY",
               "THRESHOLDS": "KEY",
               "PARAMETERS": "KEY",
               "TRANSACTIONS": "KEY",
               "CLUSTERS": "KEY",
               "ALERTS": "KEY"
          }
     }
}