{
    "MODEL_VERSION": "SAM8",
    "LIST_MODEL": [
        "EFT",
        "FTF",
        "TSD"
    ],
    "BU": "FRA",
    "LOCAL_CURRENCY_RATE": 1,
    "LOOKBACK_PERIOD": 2,
    "BUCKET_MAPPING_MODE": "Simple",
    "EFT_CONSTANT_THRESHOLDS": {
        "Cash": 15000,
        "Check": 15000
    },
    "ANALYSIS_DATES": {
        "DATA": {
            "FROM": "2020-01-01",
            "TO": "2021-12-31"
        },
        "TRAIN": {
            "FROM": "2020-01-01",
            "TO": "2020-12-31"
        },
        "TEST": {
            "FROM": "2021-01-01",
            "TO": "2021-12-31"
        }
    },
    "STANDARD_PERCENTILE": {
        "Excessive Single Transactions": [
            95,
            85,
            75
        ],
        "Flow Through of Funds (Credits / Debits)": [
            95,
            85,
            75
        ],
        "Transfer to/from High-Risk Countries (Level 3)": [
            98,
            85,
            75
        ],
        "Transfer to/from Very High-Risk Countries (Level 4)": [
            95,
            80,
            70
        ]
    },
    "PERCENT_ESCALATION_SIGNIFICANTLY_BELOW": {
        "Flow Through of Funds (Credits / Debits)": 60,
        "Excessive Single Transactions": 60,
        "Transfer to/from High-Risk Countries (Level 3)": 60,
        "Transfer to/from Very High-Risk Countries (Level 4)": 30
    },
    "HITS_ACCOUNT_SIGNIFICANTLY_ABOVE": {
        "Flow Through of Funds (Credits / Debits)": 25,
        "Excessive Single Transactions": 50,
        "Transfer to/from High-Risk Countries (Level 3)": 50,
        "Transfer to/from Very High-Risk Countries (Level 4)": 130
    },
    "HITS_FROM_ESCALATION_SIGNIFICANTLY_ABOVE": {
        "Flow Through of Funds (Credits / Debits)": 25,
        "Excessive Single Transactions": 50,
        "Transfer to/from High-Risk Countries (Level 3)": 50,
        "Transfer to/from Very High-Risk Countries (Level 4)": 130
    }
}