{
    "flowName": "SIMULATION_03062024_907",
    "flowDescription": "",
    "flowActimizeVersion": "V8",
    "flowModels": [
        "EFT",
        "FTF",
        "TSD"
    ],
    "flowBusinessUnit": "FRA",
    "flowCurrency": "EUR",
    "flowLocalCurrencyRate": 1,
    "flowLookbackPeriod": 2,
    "flowBucketMappingMode": "Simple",
    "flowDataStartDate": "2020-01-01",
    "flowDataEndDate": "2021-12-31",
    "flowTrainStartDate": "2020-01-01",
    "flowTrainEndDate": "2020-12-31",
    "flowTestStartDate": "2021-01-01",
    "flowTestEndDate": "2021-12-31",
    "id": "1a251e8c"
}